Product Name,Price
New Apple iPhone 12 Mini (256GB) - Green,"72,999"
New Apple iPhone 12 Mini (256GB) - Green,"72,999"
New Apple iPhone 12 Mini (256GB) - Green,"72,999"
"Redmi 9A (Nature Green, 2GB RAM, 32GB Storage) | 2GHz Octa-core Helio G25 Processor | 5000 mAh Battery","6,999"
"Redmi 9A (Nature Green, 2GB RAM, 32GB Storage) | 2GHz Octa-core Helio G25 Processor | 5000 mAh Battery","6,999"
"realme C11 (2021) (Cool Blue, 2GB RAM, 32GB Storage) with No Cost EMI/Additional Exchange Offers","6,999"
"realme C11 (2021) (Cool Blue, 2GB RAM, 32GB Storage) with No Cost EMI/Additional Exchange Offers","6,999"
"Tecno Spark 7T(Jewel Blue, 4GB RAM, 64GB Storage) 6000 mAh Battery| 48 MP AI Dual Rear Camera, 6.52 Handy Size","8,999"
"Tecno Spark 7T(Jewel Blue, 4GB RAM, 64GB Storage) 6000 mAh Battery| 48 MP AI Dual Rear Camera, 6.52 Handy Size","8,999"
"Samsung Galaxy M11 (Black, 4GB RAM, 64GB Storage) with No Cost EMI/Additional Exchange Offers","9,999"
"Samsung Galaxy M11 (Black, 4GB RAM, 64GB Storage) with No Cost EMI/Additional Exchange Offers","9,999"
"Redmi 9 (Sky Blue, 4GB RAM, 64GB Storage)| 5000 mAh| 2.3GHz Mediatek Helio G35 Octa core Processor","8,999"
"Redmi 9 (Sky Blue, 4GB RAM, 64GB Storage)| 5000 mAh| 2.3GHz Mediatek Helio G35 Octa core Processor","8,999"
"Redmi 9 (Carbon Black, 4GB RAM, 64GB Storage) | 5000 mAh| 2.3GHz Mediatek Helio G35 Octa core Processor","8,999"
"Redmi 9 (Carbon Black, 4GB RAM, 64GB Storage) | 5000 mAh| 2.3GHz Mediatek Helio G35 Octa core Processor","8,999"
"Redmi 9A (Nature Green, 3GB Ram, 32GB Storage) | 2GHz Octa-core Helio G25 Processor","7,799"
"Redmi 9A (Nature Green, 3GB Ram, 32GB Storage) | 2GHz Octa-core Helio G25 Processor","7,799"
"Samsung Galaxy M11 (Violet, 4GB RAM, 64GB Storage) with No Cost EMI/Additional Exchange Offers","9,999"
"Samsung Galaxy M11 (Violet, 4GB RAM, 64GB Storage) with No Cost EMI/Additional Exchange Offers","9,999"
Redmi 9A (Midnight Black 2GB RAM 32GB Storage) | 2GHz Octa-core Helio G25 Processor | 5000 mAh Battery,"6,999"
Redmi 9A (Midnight Black 2GB RAM 32GB Storage) | 2GHz Octa-core Helio G25 Processor | 5000 mAh Battery,"6,999"
"Redmi 9 (Sporty Orange, 4GB RAM, 64GB Storage) | 5000 mAh| 2.3GHz Mediatek Helio G35 Octa core Processor","8,999"
"Redmi 9 (Sporty Orange, 4GB RAM, 64GB Storage) | 5000 mAh| 2.3GHz Mediatek Helio G35 Octa core Processor","8,999"
Redmi 9A (Sea Blue 2GB RAM 32GB Storage) | 2GHz Octa-core Helio G25 Processor | 5000 mAh Battery,"6,999"
Redmi 9A (Sea Blue 2GB RAM 32GB Storage) | 2GHz Octa-core Helio G25 Processor | 5000 mAh Battery,"6,999"
"realme C11 (2021) (Cool Grey, 2GB RAM, 32GB Storage) with No Cost EMI/Additional Exchange Offers","6,999"
"realme C11 (2021) (Cool Grey, 2GB RAM, 32GB Storage) with No Cost EMI/Additional Exchange Offers","6,999"
"Panasonic Eluga i7 (2GB RAM, 16GB Storage, Finger Print Sensor, 4000mAh Battery) (Black)","5,498"
"Panasonic Eluga i7 (2GB RAM, 16GB Storage, Finger Print Sensor, 4000mAh Battery) (Black)","5,498"
"Redmi Note 10 (Shadow Black, 4GB RAM, 64GB Storage) - Amoled Dot Display | 48MP Sony Sensor IMX582 | Snapdragon 678 Processor","12,999"
"Redmi Note 10 (Shadow Black, 4GB RAM, 64GB Storage) - Amoled Dot Display | 48MP Sony Sensor IMX582 | Snapdragon 678 Processor","12,999"
"(Renewed) Samsung Galaxy M12 (Blue,4GB RAM, 64GB Storage) 6000 mAh with 8nm Processor | True 48 MP Quad Camera","10,499"
"(Renewed) Samsung Galaxy M12 (Blue,4GB RAM, 64GB Storage) 6000 mAh with 8nm Processor | True 48 MP Quad Camera","10,499"
"realme narzo 30 (Racing Blue, 4GB RAM, 64GB Storage) with No Cost EMI/Additional Exchange Offers","12,499"
"realme narzo 30 (Racing Blue, 4GB RAM, 64GB Storage) with No Cost EMI/Additional Exchange Offers","12,499"
New Apple iPhone 12 Mini (256GB) - Green,"72,999"
New Apple iPhone 12 Mini (256GB) - Green,"72,999"
New Apple iPhone 12 Mini (256GB) - Green,"72,999"
"Redmi 9A (Nature Green, 2GB RAM, 32GB Storage) | 2GHz Octa-core Helio G25 Processor | 5000 mAh Battery","6,999"
"Redmi 9A (Nature Green, 2GB RAM, 32GB Storage) | 2GHz Octa-core Helio G25 Processor | 5000 mAh Battery","6,999"
"realme C11 (2021) (Cool Blue, 2GB RAM, 32GB Storage) with No Cost EMI/Additional Exchange Offers","6,999"
"realme C11 (2021) (Cool Blue, 2GB RAM, 32GB Storage) with No Cost EMI/Additional Exchange Offers","6,999"
"Tecno Spark 7T(Jewel Blue, 4GB RAM, 64GB Storage) 6000 mAh Battery| 48 MP AI Dual Rear Camera, 6.52 Handy Size","8,999"
"Tecno Spark 7T(Jewel Blue, 4GB RAM, 64GB Storage) 6000 mAh Battery| 48 MP AI Dual Rear Camera, 6.52 Handy Size","8,999"
"Samsung Galaxy M11 (Black, 4GB RAM, 64GB Storage) with No Cost EMI/Additional Exchange Offers","9,999"
"Samsung Galaxy M11 (Black, 4GB RAM, 64GB Storage) with No Cost EMI/Additional Exchange Offers","9,999"
"Redmi 9 (Sky Blue, 4GB RAM, 64GB Storage)| 5000 mAh| 2.3GHz Mediatek Helio G35 Octa core Processor","8,999"
"Redmi 9 (Sky Blue, 4GB RAM, 64GB Storage)| 5000 mAh| 2.3GHz Mediatek Helio G35 Octa core Processor","8,999"
"Redmi 9 (Carbon Black, 4GB RAM, 64GB Storage) | 5000 mAh| 2.3GHz Mediatek Helio G35 Octa core Processor","8,999"
"Redmi 9 (Carbon Black, 4GB RAM, 64GB Storage) | 5000 mAh| 2.3GHz Mediatek Helio G35 Octa core Processor","8,999"
"Redmi 9A (Nature Green, 3GB Ram, 32GB Storage) | 2GHz Octa-core Helio G25 Processor","7,799"
"Redmi 9A (Nature Green, 3GB Ram, 32GB Storage) | 2GHz Octa-core Helio G25 Processor","7,799"
"Samsung Galaxy M11 (Violet, 4GB RAM, 64GB Storage) with No Cost EMI/Additional Exchange Offers","9,999"
"Samsung Galaxy M11 (Violet, 4GB RAM, 64GB Storage) with No Cost EMI/Additional Exchange Offers","9,999"
Redmi 9A (Midnight Black 2GB RAM 32GB Storage) | 2GHz Octa-core Helio G25 Processor | 5000 mAh Battery,"6,999"
Redmi 9A (Midnight Black 2GB RAM 32GB Storage) | 2GHz Octa-core Helio G25 Processor | 5000 mAh Battery,"6,999"
"Redmi 9 (Sporty Orange, 4GB RAM, 64GB Storage) | 5000 mAh| 2.3GHz Mediatek Helio G35 Octa core Processor","8,999"
"Redmi 9 (Sporty Orange, 4GB RAM, 64GB Storage) | 5000 mAh| 2.3GHz Mediatek Helio G35 Octa core Processor","8,999"
Redmi 9A (Sea Blue 2GB RAM 32GB Storage) | 2GHz Octa-core Helio G25 Processor | 5000 mAh Battery,"6,999"
Redmi 9A (Sea Blue 2GB RAM 32GB Storage) | 2GHz Octa-core Helio G25 Processor | 5000 mAh Battery,"6,999"
"realme C11 (2021) (Cool Grey, 2GB RAM, 32GB Storage) with No Cost EMI/Additional Exchange Offers","6,999"
"realme C11 (2021) (Cool Grey, 2GB RAM, 32GB Storage) with No Cost EMI/Additional Exchange Offers","6,999"
"Panasonic Eluga i7 (2GB RAM, 16GB Storage, Finger Print Sensor, 4000mAh Battery) (Black)","5,498"
"Panasonic Eluga i7 (2GB RAM, 16GB Storage, Finger Print Sensor, 4000mAh Battery) (Black)","5,498"
"Redmi Note 10 (Shadow Black, 4GB RAM, 64GB Storage) - Amoled Dot Display | 48MP Sony Sensor IMX582 | Snapdragon 678 Processor","12,999"
"Redmi Note 10 (Shadow Black, 4GB RAM, 64GB Storage) - Amoled Dot Display | 48MP Sony Sensor IMX582 | Snapdragon 678 Processor","12,999"
"(Renewed) Samsung Galaxy M12 (Blue,4GB RAM, 64GB Storage) 6000 mAh with 8nm Processor | True 48 MP Quad Camera","10,499"
"(Renewed) Samsung Galaxy M12 (Blue,4GB RAM, 64GB Storage) 6000 mAh with 8nm Processor | True 48 MP Quad Camera","10,499"
"realme narzo 30 (Racing Blue, 4GB RAM, 64GB Storage) with No Cost EMI/Additional Exchange Offers","12,499"
"realme narzo 30 (Racing Blue, 4GB RAM, 64GB Storage) with No Cost EMI/Additional Exchange Offers","12,499"
